date,fuel_type,energy_output,so2_emissions,fuel_cost,region
2007-04-30,Lignite,758.5293712157961,614.4385465376481,1619.0552325726555,South
2021-04-30,Natural Gas,669.656513794864,71.62580552984913,4813.084696724456,East
2006-01-31,Domestic Coal,1393.112621392611,511.2686214615845,4849.399739875772,West
2014-11-30,Lignite,780.575606710688,645.366078374316,1836.4860725812377,East
2017-08-31,Lignite,946.1827866832106,746.4255558001634,1090.4373402123788,North
2019-06-30,Natural Gas,118.4568821480764,43.881703019024464,8052.766653909164,West
2019-11-30,Domestic Coal,1484.7313551779334,175.2084455517641,3782.392146056405,East
2018-07-31,Domestic Coal,757.0690279572259,584.9571989073015,4526.356769407126,West
2009-11-30,Lignite,870.6629637689102,587.4772639179881,1829.6390046753304,East
2021-12-31,Imported Coal,910.1106078960594,64.09387416273178,6458.889505020213,West
2017-03-31,Lignite,850.3208073040621,799.8870693144522,2993.2736741478107,East
2007-11-30,Lignite,644.345364482102,707.5949660722042,2889.5314597648558,North
2018-06-30,Lignite,879.7179125419292,498.93924069727905,1901.088270620187,West
2022-12-31,Lignite,303.327532121196,781.620410903489,2212.3492689017603,West
2019-03-31,Natural Gas,260.0499638524239,70.4530615965271,7090.641202289479,West
2009-11-30,Domestic Coal,729.7952616394086,156.7787960998145,4014.7195867783985,West
2022-04-30,Natural Gas,464.2153906326553,79.50865525620753,6600.817505559967,North
2022-09-30,Natural Gas,696.5270502229781,59.6716154897037,6804.689857676931,West
2005-04-30,Natural Gas,713.6575218608415,46.31345795911573,4670.076142253203,South
2000-11-30,Lignite,223.02614105067119,702.0549022694477,2240.6191027069294,North
2008-02-29,Imported Coal,1556.1196521488353,103.24104037722768,3545.485902347079,South
2005-11-30,Domestic Coal,317.4535988014583,275.29377940329846,3769.7530605638995,West
2004-10-31,Imported Coal,1088.3660676495983,159.36873050593226,6616.634777974994,East
2020-11-30,Natural Gas,343.7788269163102,56.25905402438297,7918.265063705716,South
2022-12-31,Natural Gas,377.5799476248891,65.98780302050861,8311.818543733727,West
2004-02-29,Imported Coal,1924.2809354864632,86.76837023225949,6706.350500645978,South
2017-12-31,Imported Coal,1238.1744396193071,114.56109707473959,4836.5430249530455,West
2004-04-30,Imported Coal,1970.0488629282156,173.1545234982174,4315.0064411500325,West
2022-07-31,Natural Gas,543.380598021708,31.613105690037376,4379.316640543319,West
2006-12-31,Natural Gas,190.21580533745447,21.524125506199518,4759.513467561472,East
2010-06-30,Domestic Coal,466.59260717929214,420.4373724016073,2545.6402531974345,South
2005-12-31,Domestic Coal,714.8007399886358,548.3942049530059,3421.884920788617,North
2019-08-31,Natural Gas,567.290416964719,25.508788408146685,4961.4450940433535,North
2004-08-31,Imported Coal,561.3029243997183,92.23376576804114,4114.361356127834,North
2009-02-28,Imported Coal,765.5157264151203,72.1756334392639,3482.543484402403,North
2015-12-31,Domestic Coal,852.9345216392709,203.16685920289626,3092.809583144226,West
2007-09-30,Natural Gas,452.3920895983998,72.13553457664287,4196.5606992054945,South
2004-08-31,Domestic Coal,1259.292478690851,413.95019474545387,2245.277095846616,South
2004-12-31,Domestic Coal,1348.2943489281326,560.4362002659066,2183.2338795645915,East
2011-06-30,Lignite,421.502118517763,722.4805119172245,2496.5193807673168,South
2003-03-31,Lignite,347.6168154851018,483.7397293346841,1740.944205582764,South
2002-04-30,Lignite,587.618388152817,647.3019086121184,1737.8272791395448,South
2004-01-31,Imported Coal,1193.8020741997218,236.86773453343915,3146.7328115623914,East
2010-05-31,Natural Gas,276.7058610408145,74.20146272960972,8476.034188435997,North
2001-01-31,Natural Gas,458.1742094809663,57.89021367387841,4535.860056698881,South
2002-12-31,Natural Gas,413.18865677641827,57.935553980952086,5212.352518173649,East
2008-05-31,Natural Gas,288.4702616645667,43.95557467941604,4100.355988888632,East
2023-06-30,Lignite,457.6633324665426,484.57920279861787,1654.9947043558293,West
2007-02-28,Imported Coal,679.6431977288769,272.6318201849738,5374.369814216195,East
2000-04-30,Imported Coal,1518.6534787167343,247.29280965183457,4993.768795716229,North
2018-07-31,Lignite,269.53623046993897,614.8426167274191,2173.682236041758,South
2013-10-31,Imported Coal,1618.159211276495,157.91488655741983,3510.321211182255,East
2023-02-28,Lignite,427.0207246389796,545.232918559454,2291.8344826632024,North
2010-10-31,Natural Gas,499.54481326823833,42.048705330806165,8932.576243964899,East
2002-07-31,Lignite,684.6198554855098,494.8907166943978,1203.5649452408074,East
2000-11-30,Natural Gas,207.0013974290324,32.136195554605735,4803.406866297779,East
2007-12-31,Natural Gas,230.59691683591404,35.65856518244624,4866.867976473774,East
2015-10-31,Domestic Coal,1376.1185095517103,140.1168728308211,3573.534168710764,East
2015-12-31,Lignite,528.3174615917292,792.9514467634426,1224.0778043361047,North
2022-02-28,Domestic Coal,777.4267188548899,584.7352166376844,4596.521377681941,South
2010-08-31,Lignite,853.657656759424,503.16113081797596,1341.7751747801317,South
2019-10-31,Lignite,734.9145759395448,771.7503956510343,2113.52578602786,South
2009-04-30,Domestic Coal,985.9352273638798,239.98954683014207,4308.478799575811,South
2012-01-31,Domestic Coal,524.4524982690281,261.83961820212187,3276.30931584925,North
2005-05-31,Lignite,606.088302947564,496.96389296603206,1229.673649478407,West
2020-07-31,Imported Coal,1415.930063662449,122.15763831006394,5324.952885690449,West
2018-07-31,Natural Gas,208.05390069194164,53.30260916693357,6662.94716275793,North
2008-10-31,Domestic Coal,362.1882441869123,268.30213909696033,2403.2440308169225,North
2015-01-31,Natural Gas,144.36247933093742,99.09642091509507,5611.769224873615,East
2015-04-30,Imported Coal,1714.8116687819522,113.66016369094096,5726.010888895717,East
2018-10-31,Imported Coal,1640.34178983453,198.90968515196107,4886.304754200633,East
2022-01-31,Imported Coal,1117.7613712209027,137.21706663574884,6718.116576991303,South
2023-02-28,Domestic Coal,1296.7432893452751,582.5134553332563,2372.891670456634,East
2007-05-31,Imported Coal,1596.3012128054663,284.58511420525946,3724.9322646626406,West
2014-08-31,Domestic Coal,379.795520840133,470.56032464502954,3723.419339539736,South
2001-06-30,Imported Coal,1762.7431651374081,84.94309415657237,6181.069247439561,East
2008-10-31,Natural Gas,241.13912403342118,24.729034857913405,4821.328989654965,South
2022-07-31,Natural Gas,670.2023041619675,69.867749862658,6615.327123845596,West
2013-11-30,Lignite,487.064387298802,750.8802163252433,1784.8902148452707,East
2001-01-31,Natural Gas,671.6196076301039,49.52214177131966,5884.7221471245375,West
2002-08-31,Lignite,570.1438285356851,520.5511496656568,2495.218760352502,West
2003-04-30,Natural Gas,451.90427306473543,30.89914256321356,8497.872866372843,West
2012-04-30,Domestic Coal,760.6694656478537,371.7764305569943,4719.416332893641,East
2018-02-28,Natural Gas,536.9665971397944,20.520823663752765,8699.160618067375,North
2018-03-31,Lignite,702.1664424571343,533.9622458628344,1278.5441453267745,East
2006-10-31,Lignite,835.2201514162368,648.0291023714054,2066.922183952643,West
2017-04-30,Imported Coal,1840.8388745764364,247.14930280613268,3606.6995189310046,East
2016-09-30,Domestic Coal,674.0664813546579,224.24456990723286,4231.838877718031,West
2003-02-28,Natural Gas,123.47270431504558,61.29007163841849,7812.293428703453,North
2017-07-31,Imported Coal,1815.1484551426242,135.52043717897686,6285.0292186880515,South
2020-09-30,Natural Gas,177.44221586864506,86.18070625610663,4637.443311659912,North
2018-11-30,Natural Gas,378.1011033922571,81.75658292015983,4749.5871367438685,North
2003-12-31,Imported Coal,843.8770928489622,230.56314209826658,5880.146146184297,South
2001-06-30,Imported Coal,1461.721449327946,223.487111116775,5170.897773390385,East
2016-04-30,Imported Coal,877.6985883604291,136.42399837597986,3726.3908672057028,South
2015-07-31,Imported Coal,1862.6758420004426,195.84794869153012,4603.40566705456,East
2018-08-31,Imported Coal,1193.008705466199,286.82083490295383,3613.4056124643207,East
2019-01-31,Natural Gas,510.36088241175804,55.52998109960194,7057.271177173239,West
2006-05-31,Imported Coal,527.1652757312607,268.03097723603787,6728.473129934449,West
2015-08-31,Domestic Coal,978.1598203070507,448.3254119384461,4767.498143531887,South
2022-06-30,Lignite,765.7909074507189,461.01561716570455,2152.5767203336263,North
2007-11-30,Imported Coal,1410.072569574284,156.0326678255965,5945.776942498891,South
2010-12-31,Imported Coal,1901.5505221535223,281.39212822669407,4803.357485616529,East
2003-03-31,Natural Gas,179.2666320885287,98.63570790661011,8194.490432229672,West
2005-12-31,Imported Coal,686.9940218049003,280.2104706543431,6479.585448248514,South
2023-05-31,Imported Coal,1278.2570856891082,197.81885893623232,4596.010815480521,South
2013-04-30,Imported Coal,582.142458233047,133.79931041147523,6211.413794392046,West
2015-07-31,Natural Gas,103.242416103222,40.014925452202974,5990.843467954716,West
2015-11-30,Imported Coal,1306.0934044068845,279.9639041031901,4385.383977463845,West
2009-12-31,Lignite,477.56256151698216,695.0004992438994,1904.4358817796142,East
2018-04-30,Natural Gas,257.22337605798737,50.7195564519424,4704.2851018989995,West
2004-05-31,Lignite,341.10958920497865,599.3471090957919,1837.8508990090959,North
2018-06-30,Natural Gas,740.3921307476701,42.61545092049698,6902.941751390217,South
2010-11-30,Imported Coal,1448.3964318792955,53.27361414708341,5654.149488066842,West
2019-09-30,Lignite,342.4287734958011,784.428126987782,1297.3254555062258,West
2020-06-30,Natural Gas,390.2368866089166,17.681470127077947,8984.371259229738,East
2018-10-31,Domestic Coal,902.6340123974911,397.6925086600219,2201.2294321652826,East
2017-04-30,Imported Coal,1624.9407055987667,102.47639827389645,6592.217157762855,South
2007-12-31,Natural Gas,243.59774833740502,27.16189485972999,4182.748339240475,North
2016-08-31,Domestic Coal,866.4803341319991,382.4205666313082,2197.125918285057,South
2020-07-31,Natural Gas,642.8693316865074,50.795995127322485,6621.9513466379,West
2005-12-31,Domestic Coal,828.9152963258738,300.381530437663,3678.920993924654,North
2015-05-31,Imported Coal,732.8603688960687,95.48203262381779,6447.142484054069,North
2000-06-30,Lignite,956.8923697069062,549.3237265119012,1541.4893462871075,North
2017-02-28,Domestic Coal,1072.799451886819,304.36708554904817,2076.159066981035,North
2002-08-31,Natural Gas,209.30681815633324,74.43750059626578,7294.619709550757,South
2008-03-31,Imported Coal,540.6439887552252,105.49304048323737,3924.2991863522857,East
2021-04-30,Domestic Coal,1106.271292318474,109.85526887718208,2312.3257459537217,East
2015-07-31,Natural Gas,659.9412597612326,26.069019584890025,7263.7305392593735,West
2006-04-30,Natural Gas,266.7279467327086,18.949725348341065,5215.860954997271,East
2014-09-30,Natural Gas,605.5868522989614,87.01268212956572,8151.099322834958,East
2023-11-30,Domestic Coal,776.6202355421458,434.04256828532306,2614.952886247463,East
2021-03-31,Domestic Coal,651.7772763132159,548.1679092605599,2039.005770532208,East
2015-10-31,Domestic Coal,402.6102370253617,203.94312757301367,2079.596611621459,West
2010-07-31,Lignite,345.14834807183786,633.2166243878769,1842.849101184996,South
2023-11-30,Domestic Coal,1371.20605329237,508.7217808692204,3025.4520550936277,North
2021-02-28,Domestic Coal,611.308120117551,289.84620408363344,3770.8848275444234,East
2017-09-30,Domestic Coal,621.6763689874515,412.074453924567,3228.2349565737213,South
2020-10-31,Lignite,641.6377446815842,574.4506116541266,1588.9315190838354,East
2006-12-31,Domestic Coal,1438.143968354588,481.80289707988044,2420.3395272993575,East
2001-01-31,Natural Gas,707.9275831285389,53.86880784245623,8472.761134470456,North
2003-09-30,Domestic Coal,1259.8263071367783,312.6067522346167,2067.4079249603524,North
2010-07-31,Natural Gas,288.0741515694623,58.747079319478026,7167.391099130737,North
2009-06-30,Natural Gas,280.5213798032416,22.54204666655417,8174.651183996496,East
2022-12-31,Natural Gas,789.0815264924864,57.312116407241724,4858.396429241518,East
2017-01-31,Lignite,417.8458612154952,407.3562706189867,2828.597613120998,East
2022-09-30,Lignite,294.2008663121129,630.6065902057014,1548.110441374412,North
2004-10-31,Lignite,643.3424020126347,660.5681553407458,2659.483607414403,West
2018-03-31,Domestic Coal,547.7055261127239,105.49791432924025,2410.656890206422,South
2009-01-31,Natural Gas,730.0130492936736,88.65010698062638,6987.065510851542,West
2023-03-31,Lignite,680.4134883469227,666.0146698185022,1350.7425572468992,East
2014-06-30,Lignite,931.5295567399678,567.5082099568292,1766.277056498995,East
2021-12-31,Domestic Coal,922.7012463394051,123.48298338752753,2498.850106268238,West
2009-03-31,Lignite,790.4268931410963,433.1194671700506,2206.304218932776,East
2015-07-31,Domestic Coal,594.4189316175851,294.64780702098824,2866.0812103120998,South
2022-05-31,Imported Coal,1033.5090746974238,229.76147629606137,4188.4868624927,East
2019-01-31,Lignite,653.1237122375178,590.4201608796399,2327.342330725296,South
2012-12-31,Imported Coal,1905.244608987137,233.14302430256257,3859.761514363027,West
2015-09-30,Domestic Coal,337.4197620735416,231.13202214991253,3785.2337921007647,West
2022-08-31,Natural Gas,135.99806943897525,54.67296224811127,6984.214244584446,East
2000-02-29,Lignite,467.3951126535687,708.3648814983287,1213.1965062675436,South
2020-06-30,Domestic Coal,390.1653380829705,464.0943781018017,3486.4739486185954,East
2017-06-30,Natural Gas,581.8816774994152,49.13446047433716,5232.010166195534,North
2023-10-31,Natural Gas,673.3716223719398,81.94742910720814,7473.482354272133,North
2001-01-31,Imported Coal,908.217705844944,197.5576667172718,4443.895587760107,North
2007-12-31,Domestic Coal,409.89848799196096,558.6567877311213,2410.455892756884,North
2018-05-31,Natural Gas,765.1661476745617,50.140519566216014,4925.664644193098,East
2019-10-31,Lignite,633.5207579026865,749.1783343505633,2464.4497728191227,North
2007-10-31,Lignite,845.2489182891597,663.513346684287,2384.553129035705,South
2022-05-31,Imported Coal,1773.793477347979,112.41700221479648,4957.699854572562,West
2014-03-31,Natural Gas,254.84660927372155,98.89012071969823,8720.296698433067,West
2007-10-31,Domestic Coal,347.3121736422071,452.7875862578442,4775.744952246998,North
2012-05-31,Lignite,344.46027610186684,627.1780922210518,2830.9765951760837,North
2009-04-30,Natural Gas,123.76218501005918,72.76782405221559,5486.745036862754,North
2004-07-31,Natural Gas,747.0773367635712,97.39524206488309,8721.33244556717,East
2009-08-31,Imported Coal,1211.3213249861956,265.51066274732835,6378.197594140282,West
2011-11-30,Lignite,455.2803785946045,731.566189660271,1074.0152694309852,North
2016-09-30,Lignite,677.0159027856424,492.0035349150812,1241.1337715545576,South
2014-12-31,Domestic Coal,392.343841955051,448.1443879390699,3019.624891304198,North
2016-10-31,Lignite,779.8134172230092,426.14253631957695,1630.5806756612205,West
2004-05-31,Domestic Coal,947.3895508504047,495.36158241948175,2956.2575087962095,North
2014-12-31,Lignite,700.7131011496073,754.3910992944748,2231.726376364609,West
2011-05-31,Imported Coal,849.4392121304506,56.100195389134505,6480.39549560372,North
2015-02-28,Lignite,217.0155286803097,749.8806690736798,2057.8742680544237,South
2000-01-31,Domestic Coal,1426.8812382154754,499.3916178868327,4993.802331600013,North
2003-08-31,Domestic Coal,720.8541785420522,483.59414446556343,3205.7927408277264,South
2018-11-30,Imported Coal,1219.8134304558632,206.87636580459252,6494.708456745355,South
2008-02-29,Lignite,987.2667753594361,707.3093655458073,1835.5335643346675,North
2017-04-30,Lignite,537.0856018216562,695.0329206355566,1477.5542915366048,South
2022-01-31,Imported Coal,665.7111696970919,138.65553941019414,4148.955966616327,East
2023-12-31,Lignite,437.04649636479206,493.44310041996397,1084.1863792727238,North
2022-07-31,Lignite,214.29914778673106,795.0889558944126,1855.5462674717246,North
2011-08-31,Domestic Coal,761.191976591618,439.82364134653494,2654.7616635951927,South
2019-09-30,Lignite,959.9689471601803,714.5380057662207,1178.822004624519,South
2005-12-31,Lignite,534.0646206279428,751.647323024866,2889.464044582821,North
2012-11-30,Imported Coal,1201.1022668748046,203.35284730267693,3668.135784368301,East
2015-10-31,Imported Coal,1986.7529392054648,107.91792534586085,6770.927096540503,South
2022-04-30,Natural Gas,554.752654294658,64.69631153909732,6563.442555082544,South
2008-11-30,Domestic Coal,576.8037740613104,188.26401600275415,2661.458627210526,West
2019-04-30,Lignite,349.1506097154036,711.8337894267013,1700.2505183334601,East
2003-06-30,Lignite,246.2741412507171,787.6410520563245,2767.5717699268516,East
2015-10-31,Natural Gas,749.426598236649,99.54170403817918,4869.476246097436,North
2011-07-31,Lignite,516.993615122127,703.2953902816365,2392.041236107584,East
2008-07-31,Domestic Coal,484.6750876078261,507.9165624953089,2673.321715509982,North
2014-03-31,Natural Gas,256.67233037583617,58.32769806040722,6964.699674208516,West
2022-09-30,Domestic Coal,996.1034494053735,145.74341869887743,4632.382587891141,East
2018-05-31,Natural Gas,285.92002981209424,21.656342915452377,8443.740399344886,South
2017-09-30,Natural Gas,768.9560487608273,87.59148555389055,8047.580373624391,West
2004-08-31,Imported Coal,1482.8629709585325,187.7143426522848,3347.9470396456404,North
2008-06-30,Domestic Coal,790.1438556848384,286.34425850615696,2779.2613512809785,West
2015-12-31,Lignite,778.736090950868,598.3502940315084,1162.0924318152959,North
2016-08-31,Lignite,376.14656155984903,673.3035054638383,1152.2617189806003,West
2019-05-31,Domestic Coal,1321.4482968585226,347.57326350698713,3441.7597319799443,North
2018-11-30,Lignite,673.9262277276141,729.8723863700596,1695.6184158043861,East
2011-07-31,Lignite,742.4129220472508,626.2927855983164,1534.0565403388428,South
2012-05-31,Domestic Coal,1354.3559836261895,498.71301080346404,3975.3555039752764,North
2009-07-31,Natural Gas,695.4072103659694,88.05647808638221,7541.8148835751745,West
2005-03-31,Domestic Coal,1304.4159940364066,448.7357308346418,4040.4223152809013,North
2008-08-31,Natural Gas,533.027964750629,77.74449756018771,4793.025526465369,North
2012-12-31,Lignite,904.6966073591427,748.7374110980928,1058.4945660691183,North
2022-09-30,Lignite,860.6534004518102,451.5479469893781,1670.2377085182839,West
2000-06-30,Lignite,794.8066050332862,464.3039584193233,2635.9340482381244,South
2012-03-31,Imported Coal,1748.201266936613,176.86693344020904,3025.543486867334,East
2015-04-30,Natural Gas,300.926693222439,65.5234226538168,8905.930890137119,South
2002-04-30,Imported Coal,1447.7202905250026,114.95089526603995,5536.022812398445,North
2003-02-28,Imported Coal,1309.9780695737832,244.9613487877859,3427.9225553078336,West
2009-11-30,Domestic Coal,1213.2334830024336,370.63328933805514,4888.976011576984,South
2020-04-30,Imported Coal,1012.8082490580291,208.15547328348703,6728.11242204007,North
2005-08-31,Domestic Coal,423.01167358881514,568.6142436182256,4063.65716690244,East
2017-10-31,Domestic Coal,381.4044709262063,250.48178347340811,4124.516265935845,East
2018-02-28,Imported Coal,601.0259022031576,195.54261504406833,4383.532227811827,East
2014-09-30,Natural Gas,534.640862437234,14.116783043126157,8357.68403076188,North
2013-08-31,Natural Gas,781.4422784241779,97.19900697571224,7748.2591587146235,West
2004-10-31,Natural Gas,191.0603680914424,78.24368763361203,4122.934582294008,South
2022-05-31,Natural Gas,115.48648607029807,39.12491972345872,6443.215952023329,East
2004-10-31,Natural Gas,639.2851924654552,71.49658389458547,6229.513531883742,North
2023-12-31,Imported Coal,910.4399994224989,299.2811250394278,4704.725208943892,North
2008-09-30,Imported Coal,1177.0805364945131,90.9059552979173,6179.238194999718,South
2018-12-31,Lignite,754.9457806251909,488.30784511550416,1164.7620912316854,East
2020-07-31,Natural Gas,576.3495114522991,68.90600928530216,5366.297634991047,North
2015-08-31,Imported Coal,1926.2953433756156,87.76447294522507,4729.339204170407,South
2006-11-30,Lignite,954.8927361340791,567.8909267704489,2277.0518953281708,West
2015-06-30,Natural Gas,378.316078573956,34.67936821138031,8919.88823979914,West
2020-12-31,Domestic Coal,791.2008075780516,547.0496018395672,2689.8638176732584,West
2019-10-31,Lignite,370.48376322006663,412.45363315380456,2303.33365075177,East
2015-04-30,Imported Coal,1052.7895155856418,266.0895624599093,4892.839626766228,South
2023-08-31,Domestic Coal,1461.8321134976661,192.7627578515606,4605.869503866832,South
2017-06-30,Domestic Coal,1231.9162233500901,485.460922322026,4534.349684350664,North
2008-01-31,Domestic Coal,1213.2287891315987,413.1101608157077,2393.734633047163,North
2017-04-30,Lignite,226.02094359300153,768.3391391262747,2233.300629041476,North
2011-05-31,Imported Coal,1694.8059364642645,170.38058787813753,3469.232755849578,South
2015-04-30,Domestic Coal,450.2229506430605,442.78264361448566,3290.9176846983883,North
2006-04-30,Natural Gas,240.36730869023572,54.24350920672932,4321.04468537567,South
2023-11-30,Domestic Coal,998.3656822972786,234.49670221754883,4392.677301911564,South
2011-10-31,Domestic Coal,672.4343507082885,327.6100745409006,2034.8616197243018,West
2019-09-30,Lignite,257.9575102356471,556.9974225626739,1959.8776694342469,North
2002-01-31,Lignite,680.016438495443,516.6650314837214,2389.963772253085,West
2005-07-31,Imported Coal,1790.1835957838068,244.96274722333746,3158.4753013934287,East
2020-10-31,Natural Gas,436.35486308048024,19.44371605763574,5210.225079312637,East
2009-10-31,Lignite,989.3300746137172,456.9982171606053,1997.7763069027121,East
2006-01-31,Domestic Coal,1041.786881181743,451.232485272052,3678.9460504607423,South
2023-06-30,Imported Coal,514.6562711287755,131.61532706099797,5070.846573538845,South
2000-10-31,Domestic Coal,405.4397989738,275.3134656045904,2099.6093263740995,South
2017-07-31,Domestic Coal,394.2941965860249,298.46163810079804,2398.147262129181,North
2012-08-31,Lignite,654.0326786092465,675.7859876549063,2601.173398218166,West
2000-05-31,Imported Coal,800.2253663672152,91.87064556476744,3418.271361337601,South
2016-03-31,Natural Gas,545.5011746805457,73.5828153838211,4157.93072412821,West
2023-07-31,Natural Gas,755.3485723705828,14.677415528632517,6706.481676505353,West
2009-05-31,Lignite,767.2484155607332,748.3876494984343,2428.1738642648556,West
2022-07-31,Lignite,841.3824664558334,535.7800770171225,2629.6502274930244,North
2013-07-31,Imported Coal,620.1722695770127,273.70416401513194,5190.369504614945,North
2008-09-30,Natural Gas,672.1084389737456,50.70864560664701,7217.888475982625,East
2015-01-31,Natural Gas,468.48186265527926,75.84305695797987,4408.149910152948,East
2003-08-31,Natural Gas,142.24645879339465,32.23929106091318,4797.723400565942,West
2023-06-30,Domestic Coal,1346.140279910642,209.60699367902214,4927.595767457394,East
2014-07-31,Natural Gas,335.8270542397748,26.390612411982936,7948.492535712396,West
2013-06-30,Domestic Coal,1090.4493306010513,349.0978582265695,3666.0906528128935,North
2011-08-31,Imported Coal,1578.8026674083958,107.11368533282467,6985.335664226968,North
2010-12-31,Domestic Coal,1469.7517945761397,425.16284317346845,2598.6273527874355,North
2007-03-31,Imported Coal,1520.342363646937,68.04960224479396,3122.6100088232242,South
2014-08-31,Natural Gas,280.37802195784957,51.636066106538465,8341.362527041903,West
2015-03-31,Natural Gas,609.0183488364156,76.84358690799829,6127.466672240376,North
2010-09-30,Imported Coal,1018.9024888204443,142.75969074615068,6950.5982549442315,West
2020-06-30,Lignite,232.08735312998598,746.8125984489794,2157.3508171447866,East
2007-05-31,Imported Coal,1157.9231287843857,231.3144151037841,4946.675765698811,East
2005-06-30,Lignite,898.7385904653285,760.2807456045034,1843.441853746911,North
2013-02-28,Domestic Coal,632.1933566820619,396.1751642966811,4737.090036850073,West
2012-05-31,Domestic Coal,552.7946268067999,411.4832917817414,3894.6806602775614,North
2009-08-31,Domestic Coal,1179.7356268983372,165.7838425636299,4147.474894046265,East
2017-10-31,Natural Gas,736.3227644659487,26.171479798321776,5187.716624619388,North
2021-01-31,Domestic Coal,1465.6741128499675,190.48847635474488,4563.155280108737,West
2011-11-30,Lignite,593.8222851584278,498.8924297612708,2741.4998025450227,East
2020-10-31,Domestic Coal,834.3663060031986,357.4086769648451,3077.700108199297,South
2002-01-31,Imported Coal,1389.426277152391,90.8809681462557,4564.326146607043,East
2023-01-31,Imported Coal,1954.1184835029312,114.53335817528189,5626.946658165169,South
2005-10-31,Natural Gas,327.6330449572864,79.61258131179406,4654.368303591749,North
2009-05-31,Imported Coal,1954.731567617817,163.44738534590982,3944.201853385856,North
2009-04-30,Lignite,258.7973978640101,467.9031620350163,2039.5478971120353,West
2007-07-31,Domestic Coal,704.4038117175435,514.4416829413047,3292.662570985418,South
2001-06-30,Natural Gas,274.09999081134094,65.5430487943627,7533.886084427229,North
2012-05-31,Domestic Coal,500.45028948113986,183.80960814415883,2110.014280800629,South
2018-11-30,Domestic Coal,1183.6824180787685,431.9022638109025,3423.892627249442,North
2017-10-31,Lignite,875.3363591753578,722.2680611800213,2170.7087287935046,East
2012-07-31,Imported Coal,1802.4069207698878,101.46030250919206,3447.6784775909114,North
2015-12-31,Imported Coal,904.6244172754843,64.27171402232871,5124.678112004129,West
2003-04-30,Domestic Coal,1423.9268307539537,119.67177033425483,2366.3297420300805,East
2020-02-29,Natural Gas,416.5393197984047,94.04875157751144,5580.780524883752,West
2011-06-30,Imported Coal,1260.8522130325887,60.39321476259802,3593.3728038483555,East
2014-12-31,Natural Gas,790.6410860711928,96.86068267924409,4024.699904672048,South
2016-08-31,Imported Coal,1927.7176781348585,209.7799844538751,6471.673178080088,West
2016-11-30,Natural Gas,418.3178989437014,56.40364257213252,6444.2329012846,North
2005-01-31,Lignite,733.4914060368835,455.86050190252513,1059.947179745356,South
2015-12-31,Natural Gas,315.55095911383364,73.4212686462982,5009.267260614742,North
2000-05-31,Lignite,738.7459466599339,787.9648184429082,1187.8014315788369,East
2019-09-30,Lignite,738.081694580101,577.5000877218284,2736.2845087550104,East
2015-01-31,Natural Gas,224.00485261317013,72.33633570035481,8190.576448240551,North
2003-01-31,Lignite,955.6913755792186,673.2992113158583,1994.3495280168545,North
2004-08-31,Domestic Coal,1041.4166882414565,534.4524922393591,3711.8292399164893,South
2019-09-30,Lignite,224.3096477574695,772.3794782027911,2379.0535020631223,North
2016-05-31,Imported Coal,1514.7700786658697,103.91878809942929,5635.541880930628,West
2006-01-31,Natural Gas,375.7050839579109,68.61096793373429,4532.965151539954,West
2004-11-30,Domestic Coal,1089.4143655236433,599.7068628853333,2144.636116581668,North
2019-12-31,Natural Gas,784.0219289549221,46.621716465058356,8353.767251686295,West
2000-02-29,Imported Coal,1673.5782260874103,191.75406524666695,5953.796837005306,North
2015-08-31,Imported Coal,1817.7733419520218,151.03508041275825,4308.132646252955,South
2002-06-30,Imported Coal,1501.390078345377,251.96148548531465,6049.140539106464,West
2022-03-31,Lignite,838.2509190869076,574.2333259251732,2635.668432350043,West
2008-12-31,Lignite,296.16724429648673,617.7956391843398,1011.5173209962431,North
2007-06-30,Natural Gas,327.2100809301892,42.98153813842581,5980.863458046277,West
2017-01-31,Natural Gas,586.8270446829035,44.97022911433112,6243.468113112653,East
2018-04-30,Domestic Coal,585.052957049193,286.62589581467,2681.8088817894545,South
2007-10-31,Domestic Coal,387.8351085221324,401.72429669068896,4004.638395665049,South
2008-07-31,Natural Gas,533.6432422067302,51.71446394205151,5898.92890089615,West
2018-07-31,Lignite,890.6669196574602,607.6327140544872,1958.3637552594619,West
2015-06-30,Imported Coal,538.4630987096535,135.31195690653908,4520.782475143428,East
2015-04-30,Natural Gas,379.17594662783034,62.215513230459905,6668.012733634392,East
2013-06-30,Domestic Coal,1029.4861113521335,482.4416307710641,4438.957216148281,West
2020-07-31,Lignite,774.4984609811955,782.2094783819739,1036.4651653527233,West
2002-07-31,Natural Gas,237.04458997848226,10.68065874803279,7237.373570773016,East
2004-04-30,Natural Gas,728.6213842649909,31.913406691866935,8635.172723981534,North
2006-04-30,Lignite,248.2139122316487,773.7744107222057,1703.2453744792688,East
2023-02-28,Natural Gas,170.99457991445155,53.72845832676931,5283.88283860254,North
2003-04-30,Lignite,427.89832156953827,522.9159859705146,2606.0517956653266,South
2008-05-31,Imported Coal,1308.7419150128817,127.82692478900091,5441.335133243674,South
2009-03-31,Lignite,772.9205393785548,509.0496002934135,1827.098203050703,East
2020-09-30,Lignite,297.50887466955805,472.45973981387215,2362.2357079299654,North
2015-11-30,Lignite,345.15067815650156,610.065353466824,2418.092523444865,East
2015-02-28,Natural Gas,174.81384616632067,61.058099766601316,5282.8139185068185,East
2017-05-31,Natural Gas,774.0488126663058,53.51910820479323,8029.962748875791,North
2001-10-31,Lignite,640.1812337250094,417.36501314192765,2266.3027511880446,East
2013-10-31,Natural Gas,765.9823395446599,64.1450638131698,8095.94429713395,South
2008-03-31,Domestic Coal,1361.0477560180893,214.03988597446624,2636.13451972468,West
2017-04-30,Domestic Coal,1033.1771866211902,305.51423490335236,4519.5839086001615,West
2000-08-31,Natural Gas,730.0161863786078,41.807924137244626,5184.35279487241,East
2015-10-31,Natural Gas,646.3678606707033,34.73254319933225,8113.071592568392,North
2014-07-31,Lignite,538.9906029190103,667.0199597165881,1191.0706276693363,North
2022-09-30,Imported Coal,1435.7889870148597,162.94191968430727,5346.433852701896,South
2001-05-31,Natural Gas,217.6099454214044,76.31863704497638,8313.985387716144,North
2007-06-30,Domestic Coal,560.0877601089308,147.85727776008088,2070.915758139009,North
2011-09-30,Lignite,713.5772003546128,642.8376144355123,2093.39482542814,South
2012-01-31,Natural Gas,262.3629672811828,45.18153963149632,6972.381675930865,East
2013-10-31,Domestic Coal,896.1202306310032,593.8927601074437,2409.3192576701995,West
2006-06-30,Domestic Coal,1134.1734648571125,302.15938405214604,3284.598844776844,South
2021-10-31,Imported Coal,1576.3966484872644,223.10903783109242,6965.023974808753,East
2013-07-31,Lignite,302.71543156330017,441.64385975366656,2448.677634257482,South
2001-02-28,Lignite,662.7095336051273,509.66426662392234,1158.8387379779733,East
2019-11-30,Imported Coal,628.4873743946458,273.5477186660296,3767.4692988749716,South
2005-12-31,Imported Coal,985.0573431732812,106.664100556747,4419.985223327749,East
2011-11-30,Lignite,255.5390741968747,607.6239163633081,1135.2251271844298,South
2023-07-31,Lignite,840.2852062578893,493.48483276417323,2080.023829209021,East
2022-05-31,Natural Gas,716.0553612930207,68.57896321424747,6664.788932756676,South
2020-01-31,Natural Gas,327.0336271807629,39.97017217523781,7347.434775990951,West
2020-05-31,Imported Coal,1991.2090418317514,215.45979746234465,5231.133669480099,West
2013-07-31,Natural Gas,611.4553571674722,51.86850510553463,4300.711713003926,North
2004-12-31,Domestic Coal,974.7561790534918,578.8126422526901,2525.908827072979,East
2000-06-30,Natural Gas,583.0034235744661,28.084031979315082,6679.138422365406,South
2016-05-31,Natural Gas,167.67351475270374,50.53338426323666,7780.81664447623,East
2004-10-31,Domestic Coal,717.0858290867785,432.45586224360903,4386.349882369188,West
2018-01-31,Imported Coal,1890.766729219179,108.66052046386338,4597.263663237232,East
2002-02-28,Domestic Coal,482.8992159965009,596.2417510791877,4781.0029037728855,South
2000-05-31,Natural Gas,477.96999119639173,85.78299649387792,6604.789886360211,East
2001-08-31,Imported Coal,1435.3785320041395,72.28110802900416,6021.081681987232,South
2016-06-30,Natural Gas,189.39943854466438,84.34608672272755,7910.140438351929,West
2004-11-30,Domestic Coal,1150.4936372915718,118.08019026238105,2909.385067835986,West
2020-02-29,Domestic Coal,615.7350838930115,280.06820373575954,2262.9282402915155,West
2012-02-29,Natural Gas,755.870476121744,59.842201664113865,5527.621553290118,North
2022-09-30,Lignite,517.5852136594267,578.8810162019342,2201.1886667212348,West
2020-09-30,Lignite,612.5435421571982,767.7567892857669,1993.9269658116605,East
2001-02-28,Domestic Coal,1490.5896177879752,525.7124788725479,2625.5315430720075,North
2001-01-31,Domestic Coal,1416.7142575726996,158.18319894273804,4452.3491254735745,West
2003-08-31,Lignite,504.49863478126406,751.1897281780277,2736.1133802149006,East
2001-07-31,Lignite,844.7403200940969,716.0121745228246,1609.3582781960815,East
2005-03-31,Natural Gas,156.64349813587654,46.268216088864534,4867.622574932543,East
2019-11-30,Natural Gas,586.4657622317231,41.1489753884007,8878.051004299574,South
2008-04-30,Lignite,712.7776618762656,728.9922254537444,1265.049345483697,North
2013-07-31,Natural Gas,703.4101375908358,93.0481471462055,6435.30959409468,East
2010-02-28,Natural Gas,524.3770564256843,78.83288208126959,4874.193136302063,South
2003-08-31,Imported Coal,1253.8491146951637,149.6657569430783,3585.4959686489965,West
2012-01-31,Natural Gas,357.274095604072,16.135507844694423,4129.059534747435,East
2004-02-29,Domestic Coal,462.1995469857873,581.557555794587,3648.588607685051,South
2005-05-31,Natural Gas,776.075512807254,48.924809049711875,5559.080665426298,East
2023-12-31,Natural Gas,454.2993039881709,49.55605197696191,4528.32342130872,North
2013-08-31,Lignite,712.661051752165,486.41527300383984,2239.175909795659,North
2011-09-30,Domestic Coal,1080.2413108777841,176.01242656432407,2184.0488813320044,West
2010-08-31,Natural Gas,646.5331102479079,51.382038139238816,4290.818977527379,East
2019-11-30,Natural Gas,796.406422018837,15.200250489672998,7475.1761442927655,South
2015-07-31,Imported Coal,1975.5183878951204,109.7950260539814,3568.997474748785,West
2017-04-30,Natural Gas,184.96945759570022,37.294763281083604,4505.229055053233,East
2018-04-30,Natural Gas,584.5129391858923,15.606261831705641,6547.110640748949,West
2015-10-31,Imported Coal,1995.0452807794652,253.4925673765047,5460.877752924043,South
2023-08-31,Lignite,445.00289662928935,649.5583345166553,2054.082927823303,West
2019-09-30,Natural Gas,398.25836872326005,21.76393390661795,8433.021076202334,West
2016-02-29,Imported Coal,1174.6769732319838,98.65562795519126,4471.037403509158,West
2023-11-30,Domestic Coal,796.9557030347124,513.7689477834372,4200.843141684207,East
2021-07-31,Lignite,815.4439149130718,404.4125057714589,1832.307996359523,South
2020-06-30,Domestic Coal,877.6129819623884,109.59613841152834,2779.439626235103,North
2011-04-30,Domestic Coal,1212.347787746562,168.55485286449954,3605.930394357775,East
2023-04-30,Imported Coal,822.8028080258563,53.03019366097332,3964.805830398166,North
2022-07-31,Natural Gas,783.1116284370377,82.13834006946907,8797.883221605167,North
2014-03-31,Imported Coal,1231.7810658895437,77.43404966937588,5191.837955894772,East
2013-03-31,Imported Coal,1181.5660018399412,261.089270684904,3392.330323136978,East
2016-09-30,Imported Coal,1232.3617055326672,87.51216617349607,4298.70370756024,South
2003-09-30,Imported Coal,1606.0356160816996,169.00453234219162,4503.553140583077,South
2021-12-31,Lignite,515.5810228560283,583.7787073623947,2570.0330876741136,West
2005-11-30,Natural Gas,724.4592822581641,95.98012178535355,7934.516931276476,North
2008-07-31,Domestic Coal,678.4882748976153,444.06735304327105,3312.8093721661758,South
2010-05-31,Domestic Coal,605.6047464552614,520.4357897129613,2115.279046886975,West
2023-10-31,Natural Gas,731.2333944947965,51.53297181622607,7186.0073840414025,South
2019-02-28,Domestic Coal,1091.2247066469392,547.5588703532682,3910.009046501622,East
2012-02-29,Natural Gas,529.7535093320432,15.998683650462096,6592.04010972602,South
2016-05-31,Domestic Coal,480.20280098045,468.71688436074277,3536.665762438023,North
2018-05-31,Imported Coal,1520.3416688125299,60.418225150596065,3339.1680641832127,South
2004-12-31,Domestic Coal,1159.5880656752188,136.0421679993367,2213.770183295776,North
2008-02-29,Natural Gas,108.47593266442121,96.0851258469532,7687.5417972950345,East
2014-03-31,Natural Gas,347.2759859514449,36.68820231588897,5748.516148729248,North
2014-05-31,Natural Gas,642.2574718268273,69.5233549963373,4925.97783933734,South
2012-07-31,Natural Gas,221.87653473385905,18.85560847420576,7301.513598506691,West
2010-02-28,Natural Gas,635.0608635552152,33.85417854925036,4104.724805154564,East
2008-12-31,Lignite,265.7373339811419,787.1440139380122,1590.8895549548406,South
2000-04-30,Lignite,815.3785182705069,649.8654275417055,1763.879279305792,East
2007-09-30,Domestic Coal,546.8247146346662,160.69320907970322,3845.0389041166,East
2000-06-30,Natural Gas,642.2436464464516,67.95138281870176,6651.510666245791,South
2023-12-31,Domestic Coal,350.34146811796353,584.244388797192,4396.142574963724,South
2008-10-31,Natural Gas,304.9754256906753,98.19732964229655,7009.407948181611,West
2012-02-29,Natural Gas,507.69586074507254,77.3265861486579,8058.848940450687,East
2022-07-31,Lignite,725.1828858652021,451.23829854648,1676.5350119889968,East
2007-12-31,Lignite,942.4669122608398,489.84624473754076,1744.3340476750268,South
2019-01-31,Imported Coal,1148.115324416294,159.85124742361305,5451.758329978102,North
2016-10-31,Lignite,954.460670195766,496.27708473300197,1243.0027526018362,South
2017-08-31,Imported Coal,796.205734789906,271.73122505231737,5583.243250620824,East
2000-06-30,Imported Coal,928.8601838587401,253.9867347421543,6445.479985453744,South
2009-04-30,Imported Coal,1769.7715080354171,279.7316334098886,4008.9640806934462,West
2008-10-31,Imported Coal,1632.5628931194174,165.134874318535,6367.994211560246,North
2011-07-31,Imported Coal,1592.7360157424198,244.11186162493115,5624.647350724286,South
2007-12-31,Domestic Coal,512.9145233636482,372.5134594484692,4954.009218573525,West
2017-10-31,Lignite,949.9104531976951,417.2694943188047,1329.6296314588742,East
2001-10-31,Imported Coal,697.5931601818429,231.49497749632388,6271.14131942778,South
2016-01-31,Natural Gas,249.45795641747034,55.52674236566461,8203.515140055999,East
2012-06-30,Lignite,786.2412358130005,616.8948821967393,2180.6953809175457,West
2020-07-31,Lignite,606.688437533024,519.0193805275283,2130.043985718032,East
2022-03-31,Imported Coal,1533.327953075136,268.33072896520196,5545.165415916992,West
2020-11-30,Domestic Coal,1213.3458444517896,180.0358174772865,3384.6724232593697,West
2000-03-31,Imported Coal,513.99742974064,111.66971613040576,5905.846860452019,West
2006-04-30,Domestic Coal,1490.1719416192361,149.58904979360796,3204.482947583865,South
2007-03-31,Natural Gas,660.0496780894116,28.363207116600897,6775.424746511431,East
2022-06-30,Lignite,786.4570368237398,646.3941801040717,1376.0494692308323,East
2018-09-30,Natural Gas,348.7691980800176,80.54126060368574,6771.132570660084,North
2001-06-30,Domestic Coal,306.2755362514953,480.49538001404693,2105.934064820717,North
2009-05-31,Domestic Coal,1194.8805392774784,201.2402800826187,4874.22044035814,North
2020-11-30,Natural Gas,357.5585259114591,39.42384547042712,4744.440251662223,North
2019-05-31,Domestic Coal,666.7250585882579,538.3253809141003,4989.003012881742,East
2023-03-31,Natural Gas,357.8166713547938,50.37495678590883,7610.354691013685,West
2016-10-31,Lignite,908.9566243720597,637.2177336747136,1783.0513963556587,West
2006-11-30,Natural Gas,388.8352885940366,72.60563318471262,4016.0913180213934,South
2010-05-31,Lignite,695.6714699678726,542.197204176543,2588.3946625541685,West
2014-07-31,Natural Gas,165.0934478761925,62.93820402535515,6404.864449430619,East
2005-09-30,Domestic Coal,1070.790631086273,132.42679724148417,3739.951362284394,East
2003-11-30,Natural Gas,493.0392115716666,60.459408497455385,7017.438332982274,East
2021-04-30,Domestic Coal,1111.7615246716346,502.4944998403849,2809.462160384643,South
2017-11-30,Natural Gas,677.5345871260434,54.843011403710825,4385.291395671656,North
2002-06-30,Natural Gas,140.98565047078543,40.08144868264547,7924.484885557338,West
2023-05-31,Imported Coal,1561.5214021113736,247.15374116810162,5069.076225766437,East
2019-09-30,Domestic Coal,828.2387975465887,173.72626335314197,2984.5782608279346,East
2020-08-31,Imported Coal,1151.0290492608128,72.15010741990432,3882.4478108448448,North
2002-01-31,Domestic Coal,1017.8703528764865,467.83155711959495,4995.042534178849,East
2006-02-28,Imported Coal,1899.6699970153365,210.64129988379787,4684.992213176288,West
2017-02-28,Lignite,708.9418917665862,714.2606472320928,1236.6723818467747,South
2007-10-31,Natural Gas,386.93342278740175,85.58220570720555,5919.16475966522,East
2010-07-31,Domestic Coal,986.2467254726239,393.8846804310991,2553.4287594009184,West
2002-01-31,Domestic Coal,734.682529982746,267.2556443709661,2078.5901255961944,East
2009-08-31,Natural Gas,116.93423472394866,84.85273393081961,5365.354049864062,North
2003-12-31,Domestic Coal,921.6945194865785,249.36278679438652,4822.037735346022,East
2018-10-31,Domestic Coal,611.1561106389286,314.82840636946753,4618.190751453805,East
2022-02-28,Imported Coal,1762.900350187713,96.52535446156932,6210.5732391828415,South
2008-03-31,Domestic Coal,849.8242640854712,341.4844360426776,2400.4399172478315,North
2000-11-30,Lignite,264.4812110056997,691.1757227895062,1992.9223047105995,North
2007-01-31,Lignite,549.4805620921436,691.8032914609587,2531.0257979822195,South
2017-10-31,Natural Gas,211.2357173685475,64.92026345298771,4676.770411388427,East
2014-05-31,Domestic Coal,1201.6501032348547,428.47757813356975,4869.843863250374,West
2017-05-31,Natural Gas,148.27061144949482,15.134924903612887,5410.935373466001,North
2005-04-30,Lignite,409.3645469887248,498.79151962879996,2812.509161042073,North
2021-06-30,Domestic Coal,599.4554398194073,235.97486306431549,4278.194787253891,East
2010-01-31,Domestic Coal,839.687810940648,488.3552784775906,2196.0984726931556,East
2004-06-30,Natural Gas,441.299835571369,13.025224016495436,4313.266017276773,North
2022-08-31,Lignite,925.1499626755287,455.6981484470381,2064.8413645504343,East
2020-01-31,Domestic Coal,793.3147231208479,273.67166312942135,4699.500037061817,West
2020-03-31,Natural Gas,115.27637774284266,69.74107175580302,8816.972171067751,North
2001-06-30,Lignite,648.1345467694736,774.7289848132367,1104.5157585720476,West
2015-07-31,Natural Gas,393.15532335191295,33.414201186584606,7654.1048249036485,West
2011-12-31,Imported Coal,1971.94563574587,114.13251561106195,5616.698405896298,East
2021-10-31,Domestic Coal,537.7171593116882,382.66512728580494,3391.7974600650086,West
2019-11-30,Imported Coal,1958.0079944473057,202.13181817411663,4398.025488347275,East
2006-04-30,Lignite,291.2766279103467,460.4987314939738,1450.6338599024702,South
2015-08-31,Imported Coal,876.449992010447,262.65401446028443,5244.8911531301,East
2020-06-30,Imported Coal,1285.0863670615497,78.69221796730437,6440.55877339774,West
2010-10-31,Lignite,778.251442566787,427.06734476000065,2415.670194459537,South
2023-07-31,Natural Gas,480.47675213985224,17.355281117210044,6291.503207643282,East
2006-07-31,Imported Coal,1227.0444306950703,91.44363504081895,6782.79258800113,West
2005-12-31,Natural Gas,694.9827600364633,70.21201035961974,6311.477805003036,North
2021-11-30,Imported Coal,1117.6483123767628,212.74336678773855,5181.727477627622,North
2015-11-30,Natural Gas,143.59117411731992,56.12523838932985,8032.0180861641975,East
2005-03-31,Lignite,567.3919020775664,420.78263102170735,2572.556398768066,East
2000-12-31,Imported Coal,802.0456732039615,114.65520872200969,3658.8254137291833,North
2011-09-30,Lignite,464.17205189719806,702.700602275454,2038.7717190078747,West
2021-02-28,Imported Coal,807.3219112260688,269.4575195380102,6518.327419806117,West
2003-07-31,Lignite,896.4627400368055,495.51848455261575,1902.4786883619763,West
2001-05-31,Lignite,987.9917249127001,708.8049905239961,1054.3348424511196,East
2005-03-31,Imported Coal,597.806886890738,165.98284420308318,6636.880823446241,South
2021-01-31,Imported Coal,1308.0526969290713,174.45312700857255,3421.894799826522,South
2000-08-31,Imported Coal,1485.1701570864411,255.52579015005637,4521.680030030249,South
2007-06-30,Domestic Coal,1230.7342211103928,582.2383269504057,2611.299377383067,South
2017-04-30,Natural Gas,466.3307418363189,35.8424162276118,7964.272095169197,South
2023-08-31,Domestic Coal,993.112039057389,417.29120877515186,4393.742478847682,East
2009-10-31,Domestic Coal,775.1645671949459,557.5450342035216,3599.0866017384196,East
2014-07-31,Lignite,326.3638582682784,678.359647267521,2586.5227008765087,South
2006-04-30,Imported Coal,975.14251560129,264.2948142496882,6624.573019063066,East
2008-05-31,Natural Gas,293.83314116446627,98.51693254436998,4703.557640243792,East
2012-07-31,Lignite,361.612534721992,473.68993569521047,2787.9794200157407,South
2022-06-30,Domestic Coal,1085.1510627899543,176.05214161113645,3320.970255105047,West
2005-11-30,Imported Coal,1422.947037604703,70.86602124734583,6529.665473629355,East
2014-12-31,Lignite,842.8828283532281,602.0827094306553,2934.253230518341,West
2010-04-30,Imported Coal,1126.6414689126495,296.0275797591245,5671.679995214508,East
2023-09-30,Lignite,707.7370186031532,466.381958118314,2763.855516609288,East
2016-03-31,Imported Coal,1141.2345318809228,90.55835144561985,3050.430079903036,South
2018-12-31,Domestic Coal,971.7068203660591,363.69981106133815,4158.060867107475,East
2022-11-30,Natural Gas,723.1806371124615,17.146592617872656,7657.482451701811,North
2008-10-31,Domestic Coal,524.8943329170986,529.088526578582,4457.190541584969,North
2001-09-30,Natural Gas,478.5556284898811,73.92185187609803,5571.750565918742,South
2005-04-30,Imported Coal,1206.751848399222,255.40922442761791,4837.060788692856,West
2013-09-30,Lignite,486.2386122603534,597.68497890012,2656.4985048744365,West
2002-03-31,Domestic Coal,702.2496568450473,186.8807965678719,4136.042060992342,West
2023-09-30,Natural Gas,678.1847488956572,19.057373067118,5199.370563779724,North
2012-04-30,Domestic Coal,470.3663877131927,273.97070579108333,3351.052936716238,West
2023-05-31,Natural Gas,624.1784358743146,68.60328263935068,7104.642837392155,West
2013-08-31,Domestic Coal,722.8499359315853,520.7237765423799,3413.8615021944934,South
2018-08-31,Natural Gas,785.3734566106082,67.07279244661632,4631.323707822514,West
2022-08-31,Natural Gas,573.3242934528039,39.25936138885291,7431.635983430488,North
2012-02-29,Imported Coal,604.4617222436086,93.72035929398984,6422.949035623145,North
2002-06-30,Natural Gas,259.0256899164604,85.3337012718646,5396.380442272052,North
2003-09-30,Imported Coal,1464.3228650880615,223.53764337745775,5050.619012580211,South
2022-11-30,Natural Gas,313.7174736877119,29.13799387339865,4165.946772812131,South
2002-10-31,Lignite,443.15712099257905,661.2651162125132,2876.6096368969656,East
2011-09-30,Lignite,896.9635858104416,706.425910614121,2576.8946865065973,West
2018-05-31,Lignite,731.9879227807962,504.1147430264012,2814.3900614116596,South
2001-10-31,Natural Gas,569.5126183340838,60.439656788239596,4554.947346067405,North
2014-12-31,Imported Coal,1170.583315709638,165.08956780048157,6458.25443809068,North
2019-03-31,Imported Coal,1319.9723302816828,145.10013724260241,6907.201314042637,South
2003-02-28,Natural Gas,177.50441532842098,48.02935854807502,4210.123375857026,South
2005-10-31,Lignite,791.9232966135443,767.2306208796603,1560.0746591009788,South
2009-08-31,Lignite,886.6733414392967,516.8872921847591,2821.5403232878307,East
2019-11-30,Imported Coal,1630.942855395176,251.22669421035965,3072.026222401818,North
2012-04-30,Lignite,970.2482856592208,690.6683968281293,1609.5021907722667,East
2000-09-30,Domestic Coal,1295.2735978306164,240.76059920746496,4618.261518698384,East
2023-12-31,Imported Coal,668.8705856179056,225.92149436519892,5162.793906579642,West
2004-02-29,Lignite,277.22757615635265,496.7575313035356,1024.8080725546297,North
2000-05-31,Imported Coal,1203.151948196759,125.3163151900001,5393.429937191035,North
2010-06-30,Domestic Coal,656.6853692503406,249.95955575349234,4229.57959619481,South
2006-03-31,Imported Coal,572.2142539675301,275.7237487979968,6409.0554975647265,South
2013-09-30,Imported Coal,1501.7070248396099,198.30539252684608,6569.209992558609,West
2023-02-28,Imported Coal,777.9952692930717,69.74229054770716,3958.040679638152,East
2006-05-31,Imported Coal,1691.8674180502853,58.667566681620826,5331.227340333959,South
2011-05-31,Domestic Coal,1494.525019429572,527.8480469187697,3564.3370671307684,South
2008-10-31,Natural Gas,144.54863650064965,84.82361629471389,6994.892540886052,North
2007-11-30,Imported Coal,672.3994955893502,73.46432120583904,6638.50727774637,North
2011-03-31,Imported Coal,1503.8003944071177,257.3216998291889,6515.915601129069,South
2005-08-31,Lignite,657.4178816386577,606.9785407020165,1860.8548206419805,North
2012-03-31,Imported Coal,975.419881686679,158.64899021467795,6095.518622920626,West
2013-03-31,Lignite,681.5387448121053,757.0093159819385,1886.7600287583755,South
2013-07-31,Natural Gas,524.9627051031277,66.81767977827899,6958.485811531627,North
2015-09-30,Domestic Coal,1143.1605277026197,218.71673418740312,3537.091332637372,West
2007-11-30,Domestic Coal,425.0697633700172,292.2556638224063,3463.001205863793,North
2015-01-31,Natural Gas,556.5569816818307,95.54779473275832,7003.255332741779,North
2023-12-31,Domestic Coal,1192.3126994118718,353.13302974760137,3902.312094128994,North
2015-07-31,Natural Gas,149.6525512936414,32.89524227576623,5809.265466025694,South
2011-06-30,Natural Gas,430.7453485045595,14.108387095214535,4700.120487766589,East
2010-10-31,Natural Gas,293.7700154539141,97.43794218109456,5656.735035515254,North
2016-02-29,Domestic Coal,878.449269734499,198.04885636919647,3832.340213227305,West
2022-09-30,Lignite,424.5465724127795,482.7970313753707,2033.145256891958,South
2011-12-31,Natural Gas,103.85405941229457,10.68976293843028,5095.344045509289,South
2001-04-30,Imported Coal,555.0820437512317,77.00643853267285,4355.442597355006,West
2020-05-31,Domestic Coal,1263.1028154957753,386.02432168465043,3538.003177869249,North
2008-11-30,Natural Gas,305.4421762456851,93.85783474895348,5985.075206185958,East
2007-04-30,Natural Gas,160.96493675704005,65.53598645060211,4569.191967383007,North
2010-09-30,Imported Coal,1017.8347142025382,176.85298467945222,6496.890098740703,West
2000-04-30,Lignite,594.8372642720949,680.9035064126657,2985.6336779981407,South
2007-11-30,Lignite,305.1912959183853,509.8926102078078,1789.1521511952928,East
2017-05-31,Lignite,537.4625428310651,564.4084301062182,2815.22200511311,South
2018-09-30,Natural Gas,599.8228511267995,64.71146926816334,5546.863589313911,West
2003-11-30,Natural Gas,676.6532689549063,95.95544603364901,8105.991412751133,North
2015-01-31,Natural Gas,101.09557363403103,67.27612331650664,4255.6769072105035,East
2008-10-31,Domestic Coal,609.1286644004663,129.76235017388584,3811.386358848163,South
2016-07-31,Imported Coal,1529.8848702389103,78.62190951647628,4535.355532179918,South
2008-10-31,Natural Gas,419.3655562688794,43.214771958482494,4605.125002425965,South
2023-04-30,Imported Coal,1128.4216852812133,237.79451195210453,3284.030658133022,North
2021-08-31,Imported Coal,620.2700211228552,138.69282295899606,6766.9028464757,East
2008-12-31,Lignite,734.8581173783313,671.4679826690259,1723.83998167573,North
2001-07-31,Domestic Coal,1012.3929494502461,105.0655920138717,3908.2881392286263,North
2014-03-31,Natural Gas,739.3008633033658,65.13161215103372,8368.492967331726,North
2016-03-31,Lignite,779.178444372875,448.2233665614761,2804.9066145716833,West
2000-12-31,Lignite,253.1550754846199,613.5869890191055,1284.2742475869154,West
2016-03-31,Natural Gas,108.19462751163285,47.98308341148751,5475.203538270781,West
2023-07-31,Imported Coal,1229.0007406964046,194.2999716836377,3174.9562892357894,East
2015-02-28,Lignite,298.4026360989965,623.4569585801702,1686.3347063453166,North
2011-12-31,Imported Coal,1593.760231324172,213.0729121479849,6382.417451959627,North
2015-02-28,Domestic Coal,1130.9913920030704,314.9655386950741,4018.899867183297,West
2002-06-30,Imported Coal,913.0717613831278,126.57837469455318,6155.940639683173,North
2006-12-31,Domestic Coal,835.7034196818986,499.1901702591762,4467.267121004836,North
2013-10-31,Imported Coal,1786.3435064919256,279.1588089603018,4723.940882053184,South
2023-08-31,Lignite,455.09345465691104,632.8794986376456,1742.3448468752551,North
2023-05-31,Lignite,680.8593334401864,682.2343450575298,2376.8100369842737,South
2007-12-31,Domestic Coal,749.4634644241456,183.4301008493764,3291.588015386623,North
2022-02-28,Natural Gas,199.81590085733612,90.10873316654275,5729.387303689287,East
2018-09-30,Domestic Coal,485.35169666798856,112.72387995287544,3937.467158859453,West
2003-06-30,Domestic Coal,1064.282780945692,270.30208329064584,2215.135666542953,South
2020-06-30,Imported Coal,1114.4433423428482,127.8043737658484,5708.482558940037,West
2017-04-30,Imported Coal,1408.6688741790354,141.148432049385,3871.57021701996,South
2019-09-30,Domestic Coal,1485.6431593867103,327.00081059805746,4064.822707340711,South
2001-10-31,Lignite,312.4423740626886,594.2358798637591,1055.073439738931,South
2015-05-31,Imported Coal,1258.182676865675,291.0043517794256,4536.8268519432,East
2020-02-29,Natural Gas,127.2972088024381,12.786021182740917,5939.933799734347,North
2023-07-31,Imported Coal,740.0374046947911,55.83802408204648,6024.854455800707,South
2003-05-31,Imported Coal,1187.7845133228361,122.31119299316363,6600.332732065923,East
2013-06-30,Natural Gas,181.2972721403679,96.03269460597873,5569.833586886764,South
2013-04-30,Domestic Coal,1366.0844067704174,401.4714382397308,4480.122079224462,North
2007-05-31,Natural Gas,788.809214247325,35.956489403687115,8805.677427037965,South
2000-12-31,Domestic Coal,767.3782738829044,292.7559523684612,3021.1613127635173,East
2006-01-31,Domestic Coal,949.6891288171022,177.07252158924354,3661.1344560740336,North
2006-04-30,Domestic Coal,950.0457748920048,480.950906302435,4500.949885812757,East
2016-09-30,Natural Gas,408.3089452186968,37.20999244163444,5296.674486585473,North
2000-10-31,Domestic Coal,533.5486040458463,128.82379109951245,3027.34393650414,North
2018-10-31,Lignite,416.19815370462663,786.566954346563,2115.4176525000876,West
2014-08-31,Natural Gas,343.0939273213553,62.24208408943264,4695.983506728478,West
2022-12-31,Lignite,555.2349993617623,650.4937285684255,1977.7956635849027,West
2003-03-31,Domestic Coal,782.134560785189,596.9241944498491,4640.944286446781,North
2004-12-31,Imported Coal,1435.1089372391602,192.3443402955707,5482.641919298336,South
2005-06-30,Domestic Coal,541.57452938692,297.5688716321593,2118.378598672698,East
2010-04-30,Lignite,580.4368299894613,617.2098335830652,1455.4994722064191,East
2013-08-31,Lignite,971.223077732411,763.7818443748968,2444.2864709118116,East
2013-03-31,Natural Gas,473.37064013575383,88.29722436829165,4653.261719117315,West
2004-09-30,Imported Coal,1685.7646914123275,81.20520349171207,6176.842650197622,North
2006-06-30,Natural Gas,293.03729777594987,88.93815229163701,8720.210469126989,West
2016-02-29,Lignite,319.0367755240925,585.0702420261574,2961.9747563253704,South
2023-09-30,Domestic Coal,880.088923167776,531.7737612572726,3766.1945663939596,North
2001-03-31,Imported Coal,1062.9948618794028,121.44588888146755,3812.892364344349,East
2000-12-31,Domestic Coal,1214.1578296532366,293.270253411514,3533.8263866022535,West
2008-05-31,Domestic Coal,890.7905760014183,388.63951461656563,4596.731436873657,West
2012-12-31,Imported Coal,1971.109015375144,151.89605214345426,6310.075688425212,South
2010-05-31,Natural Gas,635.1694562583024,61.617605631001595,8780.235718059666,South
2023-04-30,Domestic Coal,540.5694186340834,154.63210515481072,4561.885900866267,West
2009-02-28,Lignite,551.3198533069987,738.7875416828242,2786.18041039083,South
2012-02-29,Domestic Coal,374.9491123428857,541.7323814930303,3344.9571661082664,East
2017-12-31,Imported Coal,1265.6487335063484,206.64812777330255,6705.530426920347,South
2013-06-30,Imported Coal,528.674141644646,169.21086707945426,5750.888169722242,South
2010-08-31,Imported Coal,1584.0604365473428,223.133107884277,3537.7405176324874,West
2012-06-30,Natural Gas,309.5769118601769,42.28439728753121,8022.186038397525,West
2002-12-31,Domestic Coal,634.5118468974636,205.35248193360158,4872.344057114289,North
2014-05-31,Natural Gas,106.20429957942822,99.80387701137803,7384.106494286978,North
2001-10-31,Natural Gas,679.9285096143819,36.51574567115738,4071.5763883352997,West
2017-02-28,Imported Coal,1606.804277842295,258.53614925016893,5961.904527814077,South
2010-07-31,Imported Coal,714.2754309512579,238.35698056424226,6075.691128430564,South
2018-01-31,Natural Gas,560.9783609690385,78.95043395160276,8229.607198388661,North
2007-12-31,Domestic Coal,1036.32493708495,144.30235698483955,3462.8834290016325,North
2013-08-31,Lignite,262.119467737284,563.0172124129723,1814.2129782512552,North
2012-04-30,Natural Gas,146.2068908981691,41.39384805725314,4554.990493956574,East
2001-06-30,Domestic Coal,1269.8822520110666,573.8440129822354,2216.9494257738156,East
2016-03-31,Imported Coal,1932.6728109375522,180.6441498341863,4198.262711815496,North
2012-07-31,Imported Coal,615.2931129142453,175.15606701760447,6178.062177962995,South
2010-03-31,Domestic Coal,1148.503772720038,125.11300573198687,2218.7055061037104,North
2015-07-31,Lignite,522.2986261061096,518.1161976191773,1464.7686461120957,East
2012-05-31,Imported Coal,921.5067483630704,250.87068582422117,6716.912214527416,South
2008-08-31,Imported Coal,1107.6540417913498,276.5277505331243,4285.982804991528,East
2020-03-31,Imported Coal,1214.6554795156874,106.50724945399993,5561.904168703376,South
2019-03-31,Domestic Coal,1474.7773382097707,401.7465480216893,3073.4422523406465,East
2017-02-28,Natural Gas,553.4722121933698,21.06286106188488,8443.295401326992,South
2016-06-30,Imported Coal,1254.6259261697546,162.3374355099105,5343.459153814077,South
2007-03-31,Natural Gas,537.3487039525817,16.459822560386172,7413.086106117013,South
2011-10-31,Lignite,393.54534425242366,685.5810530026359,2645.0695887683933,South
2016-07-31,Imported Coal,1705.9377613287804,188.12524185197228,5080.679569243004,West
2003-10-31,Imported Coal,714.3139420091176,243.83653760078388,4085.637521786857,East
2023-12-31,Lignite,597.3563382543573,513.7096371710066,1267.6567259993863,East
2001-03-31,Imported Coal,1444.336545337605,63.58300870572596,5994.5809365048,West
2003-08-31,Natural Gas,322.31075668278163,10.012122370403679,6555.6456961861495,South
2014-01-31,Domestic Coal,356.2222902331238,238.08477891044973,4120.9294623671485,South
2003-08-31,Natural Gas,143.88273513530612,85.54046431204021,4019.0996132929154,East
2008-02-29,Domestic Coal,596.1886430422827,470.45202807603573,2948.8104491879203,West
2021-09-30,Domestic Coal,422.27086567921623,280.11695940021394,2811.1798591535767,South
2009-01-31,Natural Gas,689.8983315123885,38.20131258266288,7944.662358880036,South
2023-07-31,Natural Gas,724.3105013675143,49.04356776188766,8549.71571927196,South
2008-08-31,Natural Gas,364.122637774235,96.76705748410974,4446.447622627865,North
2021-04-30,Natural Gas,580.9134865522699,54.44326364112358,5938.244027278235,West
2017-02-28,Lignite,706.1695029988807,681.5428366537325,1008.7265393006181,South
2003-07-31,Imported Coal,750.4296331207981,228.26151265857968,5665.541654312826,North
2020-05-31,Domestic Coal,1459.2570061544127,480.5188951253915,4852.318123194014,West
2023-11-30,Natural Gas,591.7783510743649,36.824698777549884,4526.824611254282,South
2022-09-30,Natural Gas,647.2767043414549,67.97342993283243,4240.930061966481,East
2006-11-30,Natural Gas,352.03532613068484,96.11198339358576,6502.0057285510065,North
2009-02-28,Lignite,546.1833088157637,583.0798420637176,1417.7654480103274,North
2015-10-31,Natural Gas,358.09501960535664,43.283193038845894,4261.775100937362,South
2023-12-31,Natural Gas,637.2973399625428,47.485398871349105,8110.899434082116,South
2020-11-30,Natural Gas,695.2436007839268,29.079464922879225,7286.7674108506435,North
2017-08-31,Imported Coal,1208.4227062444725,270.03918448037126,3862.9627167058165,East
2011-01-31,Lignite,742.2505602480354,643.100848901089,1590.6029551436654,East
2016-09-30,Natural Gas,195.62063255582083,68.64757844295488,7692.987290661653,West
2023-09-30,Domestic Coal,678.75281251602,422.4163020111569,3185.39272283451,South
2007-11-30,Domestic Coal,1155.8482599391414,199.60763744702655,4670.6450079085225,East
2023-02-28,Domestic Coal,644.8915157586957,283.8929938780765,2174.2758562410495,West
2018-03-31,Lignite,289.2097698570211,606.3447610849312,1535.185353455943,East
2007-05-31,Lignite,868.3841805937556,405.87735546198155,1758.1880973438724,South
2005-12-31,Domestic Coal,704.8146561229112,109.66381545880051,2373.1051970015305,West
2020-07-31,Natural Gas,389.5498724430447,54.357812600270194,6021.448736274346,West
2010-09-30,Lignite,624.7501427296751,638.0526699622726,1019.8476422556713,West
2017-08-31,Domestic Coal,856.9141913442047,581.7496204437941,3557.0968403886463,East
2007-12-31,Domestic Coal,1113.0507209507437,255.9319289584416,4321.974134458287,South
2006-03-31,Natural Gas,641.0450373132805,56.916644288872504,8880.06911639607,West
2004-06-30,Imported Coal,688.3253221439801,54.23691622239525,6080.632847028384,North
2004-06-30,Lignite,845.7244298919061,448.0828916482305,1531.1656659172122,South
2018-02-28,Natural Gas,112.28665435664024,36.39777497025082,7865.709369593358,North
2001-04-30,Domestic Coal,921.5526332550947,274.04779658414407,3115.2178847189907,North
2008-03-31,Domestic Coal,301.6243508585618,249.90026378261794,3939.3762249137917,West
2001-08-31,Natural Gas,781.93611067145,86.23547442855096,4117.974823227645,West
2003-10-31,Lignite,918.8484837398714,713.2793653194503,2560.7522471419607,East
2016-01-31,Imported Coal,1186.9936385053572,149.5013232386257,4211.66291533277,East
2004-10-31,Imported Coal,598.5422884315486,107.05884087342477,3986.4145399120985,East
2009-03-31,Domestic Coal,880.8924836522419,473.722203298347,3421.42948519384,South
2010-09-30,Lignite,246.27555955772849,783.1159203952816,2885.4486381882243,East
2016-02-29,Imported Coal,1677.7843147226126,297.83197539105515,5177.929331201052,North
2000-08-31,Lignite,970.2146802025649,430.2420162467003,1731.3614965227425,East
2002-05-31,Lignite,380.30501440541263,478.333233653708,1281.6058977853522,West
2009-04-30,Domestic Coal,1046.8963698791958,490.66092787365255,3734.895198261082,East
2013-05-31,Imported Coal,720.4440643823145,252.78094248336774,5543.818828654914,South
2010-11-30,Natural Gas,371.71599428889687,70.67172659824567,5299.524896214164,South
2015-08-31,Domestic Coal,714.2306501930526,558.7429215659952,2871.513517014261,North
2013-07-31,Imported Coal,1204.9824022369048,272.53528434900363,5830.88540107011,South
2016-05-31,Imported Coal,593.3048392470541,86.82576106974258,3031.366363087667,East
2016-12-31,Imported Coal,1446.382685343745,161.91835635260458,3537.0994036091024,West
2017-08-31,Imported Coal,1936.9011815851557,182.41493098640498,3967.5731764515567,South
2009-01-31,Imported Coal,1250.9053567320614,219.90508318377695,3304.956871894258,North
2022-12-31,Lignite,419.7630520383136,722.7861963535975,1919.3297408053224,East
2006-01-31,Domestic Coal,955.8925704387539,316.40800110473464,2131.6998279290156,North
2013-11-30,Lignite,332.5998238561248,578.2166554967564,1418.3709308158557,South
2021-08-31,Natural Gas,134.9853200617751,85.92846976466413,8905.962645820578,South
2020-03-31,Imported Coal,1689.7143109951091,263.4462304261667,3967.9085212681816,North
2022-11-30,Domestic Coal,1452.7523706158397,198.46285222671418,4854.289431085497,East
2008-06-30,Imported Coal,1992.2289409489265,227.93070143651218,6924.574927167288,South
2014-05-31,Domestic Coal,983.4477354805244,229.77089158804517,3310.987656996863,West
2014-03-31,Lignite,674.8487483030287,429.232624810806,2244.686529234492,South
2011-09-30,Domestic Coal,1477.4134041147533,195.05382489186383,4377.78534886515,East
2015-08-31,Natural Gas,735.5291556457336,94.93314335381987,8800.678022027236,South
2007-02-28,Natural Gas,465.0217471050304,97.95771171923533,7786.551035672194,North
2004-04-30,Domestic Coal,494.00572348435423,338.450053233985,4154.993526116012,South
2009-03-31,Domestic Coal,596.8083789829,420.30759177444367,3999.8014371398576,South
2003-07-31,Domestic Coal,495.2396925702791,382.54265622637814,4314.880732935823,East
2017-07-31,Domestic Coal,898.6747974431303,106.0515583880537,2027.1154072378765,North
2016-08-31,Natural Gas,349.92054077900855,93.35746615886038,5143.383898018044,East
2019-12-31,Imported Coal,1451.5455333075306,105.51896767333014,4286.679958638195,South
2009-07-31,Domestic Coal,1317.6505075217808,464.43072113497345,2286.197831939632,West
2002-02-28,Domestic Coal,814.4424251837204,114.58488182263224,3442.670439809027,South
2006-05-31,Natural Gas,563.7038081907476,20.66523612383364,5444.424694545828,East
2011-05-31,Natural Gas,378.48563785150986,92.75779221904448,8966.27507711482,West
2001-08-31,Lignite,235.92903919649268,704.4031693981568,1743.4481328046863,East
2017-07-31,Domestic Coal,770.949823475376,477.1324866735113,4755.279296436226,East
2019-12-31,Lignite,960.7428756020387,630.8490344153283,1714.2423186010055,North
2003-03-31,Natural Gas,651.2843601011455,32.59012449360702,6820.370144167589,West
2022-04-30,Natural Gas,351.0049230674112,69.09679663370885,5201.9945644675345,South
2017-03-31,Imported Coal,787.3894186022387,279.5597716688593,3407.2147317981476,East
2022-03-31,Domestic Coal,907.149489281918,210.42639148150445,2116.7898899770025,South
2012-10-31,Lignite,228.8150546331411,470.0887088423309,2733.5407090120007,North
2003-06-30,Natural Gas,297.73512078391866,95.54132535177662,6908.111464945968,North
2000-11-30,Natural Gas,405.62993283813626,62.207995120250914,6583.491926131339,West
2008-02-29,Lignite,807.0210030058602,512.998426389141,1706.1007832006048,North
2022-11-30,Imported Coal,1841.141453799876,286.6141282876014,6570.232909945898,North
2019-02-28,Natural Gas,393.6135957701195,80.23289527061935,6381.678666505493,South
2018-04-30,Domestic Coal,897.0478225753226,202.34005452864199,3773.3909097755495,North
2005-05-31,Natural Gas,230.29512842734354,39.84082291604744,8275.151008099676,North
2019-04-30,Domestic Coal,548.4909710530262,135.57914258671642,2207.0227778384487,East
2004-04-30,Lignite,952.6276164024863,602.7681751847339,1818.8241436340368,North
2021-11-30,Domestic Coal,1273.0542972095022,517.912963955258,2996.5730993468137,East
2022-03-31,Lignite,754.8944459790362,708.4491263407547,2309.301373731909,North
2012-10-31,Domestic Coal,481.9140897601193,537.9415417585285,3617.2836582080263,North
2011-08-31,Lignite,425.97794109600295,570.0912741750776,1075.1421807978147,West
2004-03-31,Domestic Coal,453.44016146690103,482.7733752579304,2000.0349042660985,West
2009-09-30,Imported Coal,1124.8487427234381,180.6275452713971,3218.5376800038894,East
2003-10-31,Domestic Coal,1467.6937955667995,213.06266562483597,2912.596158908843,North
2007-04-30,Domestic Coal,664.7310147060327,215.20833105867496,2004.4214662589343,South
2017-04-30,Imported Coal,1594.0171911319944,291.71137494982133,3897.1739331401805,West
2022-05-31,Natural Gas,564.1330342623958,76.77066942628436,8242.126895452624,South
2007-05-31,Natural Gas,395.8404379095264,37.26378150763863,5626.4756701151555,West
2009-10-31,Domestic Coal,1155.1455997182154,508.389733252818,2544.841903269808,West
2004-06-30,Imported Coal,1056.411512236648,275.4850491872875,6226.774078778957,North
2009-08-31,Domestic Coal,1481.830083314971,477.12412984104037,3179.5856030837667,West
2009-10-31,Lignite,672.5102671957102,664.4057016989282,1156.9116326342478,South
2021-08-31,Lignite,635.5975672830921,683.7283313890439,1334.6426080021208,West
2006-03-31,Domestic Coal,1236.7580609106685,391.88639025705584,4856.665357092784,East
2000-07-31,Natural Gas,129.6956087448242,33.87935237999203,7007.76939649912,North
2010-02-28,Natural Gas,307.5919385441515,74.2981747664118,7795.026412609655,North
2000-11-30,Domestic Coal,423.01915687976935,356.92723210338386,3526.671666773168,East
2017-11-30,Domestic Coal,743.1369242586493,566.462431284836,4482.518959619663,East
2023-03-31,Lignite,757.7675055277094,685.730654293999,1923.4322876262381,East
2002-04-30,Natural Gas,744.6961647676031,72.51358845279569,7644.905308279082,West
2019-07-31,Domestic Coal,1334.0290845448144,237.0357946710955,4421.212711600108,North
2002-02-28,Lignite,356.19248236519365,538.1367808979551,1671.2209085396853,East
2004-06-30,Natural Gas,784.9678278723984,87.08835013731341,7505.849307951299,West
2002-05-31,Imported Coal,1590.5851424230852,190.51819860064276,6788.362668434076,East
2013-08-31,Lignite,597.0070023058893,552.2070839479578,1326.070673863182,South
2022-06-30,Natural Gas,650.3439565827406,76.09995388680323,5921.775192620675,South
2002-11-30,Natural Gas,117.63538977146055,85.50975949462097,4057.089917270368,North
2023-10-31,Lignite,762.9598237032408,788.1028438904228,1875.3226562964069,West
2022-09-30,Imported Coal,852.4601074939292,226.21775251084543,6268.5125680623405,South
2017-04-30,Lignite,637.1442528622779,786.8141101024585,1103.3374433159222,South
2019-10-31,Natural Gas,453.35691881316967,74.6608552590295,8313.202355745896,West
2007-09-30,Domestic Coal,515.1067342893481,500.0017408818407,3658.121227155636,East
2014-05-31,Domestic Coal,775.8644183879559,165.85751428954677,4595.887276726737,West
2006-07-31,Lignite,325.81856654377225,523.9151436836397,1580.0910639248737,East
2009-02-28,Natural Gas,709.989823933598,70.54326947880082,7983.406985956862,South
2018-01-31,Domestic Coal,600.5614785509988,412.43704980349946,3715.2379494312463,South
2008-10-31,Natural Gas,682.9812637517898,91.54783544331345,4060.783857386934,South
2003-11-30,Lignite,739.2159352470342,420.7343196478916,2097.717330154712,North
2015-01-31,Domestic Coal,645.1592748524138,253.3882997610706,3058.8755103570697,North
2005-04-30,Natural Gas,534.904714334727,40.06449691018923,7663.495252951402,North
2020-06-30,Domestic Coal,785.4328626886436,134.17660015497933,4351.279527452321,West
2020-04-30,Lignite,428.6066596741648,573.1067518397051,2370.8877664438032,South
2007-03-31,Natural Gas,332.7193100040984,15.092709053204405,5869.6052350640675,South
2018-01-31,Domestic Coal,1433.3382992331642,420.8671986492791,4014.4374460016206,West
2000-07-31,Lignite,705.8257229101118,479.5968555837747,1836.6677282045603,North
2023-02-28,Domestic Coal,1201.127758035982,150.68644877657957,2833.558328269137,West
2017-06-30,Domestic Coal,631.5829301590243,316.00946379725303,4941.106222826555,North
2014-01-31,Imported Coal,601.2538200257329,179.67524859514876,3717.4587280488417,South
2011-06-30,Imported Coal,1956.0148181146162,78.32587618186605,4614.404009446365,East
2019-02-28,Lignite,790.3079878676849,681.8217712109781,1845.4572737878646,North
2013-05-31,Imported Coal,1019.7862519290774,149.40309463821762,4057.105052634557,South
2000-01-31,Lignite,364.26635096543987,593.215879023556,1537.0675121352147,South
2019-08-31,Imported Coal,931.1924973458752,214.18901586863927,6874.149326799568,East
2015-08-31,Domestic Coal,1024.36464067125,138.48973353248314,2226.750841562201,South
2000-04-30,Lignite,961.1385766764528,518.9163161229335,1184.1339721649508,South
2010-12-31,Lignite,679.2356697203052,649.4595113161065,2297.0096402373765,North
2018-02-28,Domestic Coal,620.8824334290496,107.55534210723752,4895.046108363415,North
2021-08-31,Lignite,400.714436552882,670.4105152210191,2413.259739757419,East
2000-01-31,Lignite,688.0059336635886,525.1629576854593,1542.1925075281315,East
2005-11-30,Imported Coal,1396.5024240540547,266.52390840292287,6786.934915693582,South
2014-10-31,Lignite,284.7246435230061,461.9314450390879,2889.4725175661592,North
2015-09-30,Natural Gas,615.5746598343547,89.46944423467957,5013.163170676716,East
2000-08-31,Domestic Coal,1005.1030453312823,450.5697972087368,4040.335656340918,East
2021-01-31,Imported Coal,1112.2275363000472,53.84872292282712,5331.704227217053,West
2020-04-30,Imported Coal,879.6523087694131,162.56356153572258,6830.32406033527,East
2010-03-31,Natural Gas,379.3247223497043,85.5821445997984,4942.703028746256,South
2023-07-31,Domestic Coal,1106.9525976300347,588.5034772194717,2305.67930261881,North
2002-08-31,Domestic Coal,309.98393067263044,316.7913963163072,2277.8764491541015,East
2012-02-29,Imported Coal,1622.576524514347,278.63716596213976,4736.083890835035,West
2012-12-31,Lignite,406.9693137243528,573.7613276026439,2446.895635700002,North
2001-04-30,Imported Coal,513.5812423705564,197.3634973711743,5453.166739549516,East
2003-11-30,Domestic Coal,1065.2258962751225,221.0110399904386,4142.15817013438,West
2020-11-30,Natural Gas,163.9740404322435,27.934330282012073,8387.35023327241,East
2015-07-31,Imported Coal,1608.0847260898495,53.436388502836316,3993.505041479201,North
2002-07-31,Domestic Coal,557.2877795917975,235.40316401848628,2742.679310839659,North
2021-08-31,Imported Coal,593.7894436142686,164.73512914920508,5930.93389914466,North
2001-05-31,Lignite,685.3853797739491,669.148667439232,1162.2983570724782,South
2003-03-31,Imported Coal,1927.2360652651807,259.6229584607562,6220.361273982651,East
2003-03-31,Imported Coal,1734.4757075626512,283.17762703319033,5177.015864454791,South
2010-12-31,Domestic Coal,540.338421441151,408.3918039262706,4228.644481003817,North
2002-06-30,Domestic Coal,1185.5008720248306,360.72451208344006,2205.376158000734,West
2013-02-28,Domestic Coal,745.3355261161535,560.3833042316787,3753.346729272278,East
2023-02-28,Imported Coal,1307.49791488357,117.21337859554838,4473.795679666316,South
2016-11-30,Lignite,916.2768713225354,666.5852190107344,2574.774053504666,East
2005-06-30,Natural Gas,418.0417961473586,66.72224975105422,5241.918043716038,West
2008-12-31,Natural Gas,593.8225811984404,48.48412003330036,6212.727574073728,South
2022-04-30,Domestic Coal,1079.186789492258,568.1403107344634,2192.019039825863,North
2018-06-30,Domestic Coal,1289.6918848164091,246.19155520609655,3331.758363519133,South
2001-06-30,Imported Coal,532.8699931625134,125.26151945857826,5010.524970520522,East
2007-06-30,Natural Gas,139.3232541432073,54.19861564448486,8635.553144292136,East
2015-01-31,Domestic Coal,426.47186172936625,482.2203640377522,3229.013160127978,East
2021-03-31,Lignite,724.1389716194705,504.09463919409177,1318.9845250827166,East
2021-01-31,Lignite,328.37009141698115,428.19677825725785,1371.2934098024862,North
2021-05-31,Domestic Coal,1097.063261986762,540.8453059217541,4442.3770567734855,South
2007-03-31,Domestic Coal,1122.161171849381,155.21593170555133,2867.5623388878494,North
2007-06-30,Natural Gas,316.86481272572826,32.496125175785906,6575.028298548616,North
2019-09-30,Natural Gas,474.8876704157708,42.11973776539992,5768.94579368218,North
2005-10-31,Imported Coal,1742.833396859122,247.3232120799214,4231.183326722983,East
2003-08-31,Natural Gas,739.6519107112815,95.75335153022554,5633.712710150205,East
2016-08-31,Lignite,483.5399590344439,602.2536613687835,2882.241625067347,East
2012-08-31,Lignite,901.0555465138492,441.0271850334359,1785.4614865428325,South
2007-02-28,Domestic Coal,964.0454276997262,351.56623627577005,2581.589203810678,West
2001-07-31,Natural Gas,701.1717398177083,70.92467046971535,8189.541874259018,East
2008-05-31,Imported Coal,1788.1464190242084,237.08896341643495,4756.84240499887,South
2007-11-30,Lignite,688.4374040123396,464.14616244789727,2347.2908349498157,East
2021-02-28,Lignite,343.4026045914246,677.5798362040628,1459.1963215079372,East
2002-06-30,Imported Coal,676.3269502253299,91.32112253573936,3007.968540876281,North
2020-09-30,Imported Coal,1578.1094267802953,233.1002622645948,5059.733399653038,North
2002-09-30,Lignite,329.09024084430695,433.4217350042759,1038.257932874574,North
2019-01-31,Lignite,332.5985415721766,756.3422139932586,1483.0736834033635,South
2000-12-31,Imported Coal,1031.4069908258234,76.3363711203333,3889.445218992681,West
2009-10-31,Lignite,615.3796566241641,643.101073238261,1490.704628332422,West
2012-11-30,Domestic Coal,369.27859107014064,295.51643456369936,2702.6101127790025,South
2020-06-30,Domestic Coal,563.4647078757623,579.9314013567276,3848.9014577771723,East
2020-07-31,Imported Coal,1335.3176647581438,153.9437758808305,4715.777333720577,South
2002-05-31,Natural Gas,478.6335026866566,72.67868263324965,7510.730480909147,East
2013-05-31,Imported Coal,757.5408615581744,175.02818801915674,4647.832380136408,South
2019-07-31,Imported Coal,1805.7904494040763,207.85473030459409,5130.016265663928,South
2015-10-31,Natural Gas,180.77624952524218,64.50741003910703,4586.019528401167,South
2009-09-30,Natural Gas,336.04460289602645,22.855776833289866,7460.368235121845,West
2022-07-31,Natural Gas,244.37647968530683,45.26734358692234,8478.373888093894,North
2021-06-30,Domestic Coal,545.1796600787643,353.90253197938955,3257.814983498066,South
2014-12-31,Lignite,214.4992328365838,717.1032454291251,1138.0918126291995,West
2014-04-30,Domestic Coal,869.1060251723443,380.339147469475,3885.2793698437613,North
2022-10-31,Lignite,750.9053034463004,501.30895340908603,1019.9575533168987,North
2021-07-31,Domestic Coal,1168.1323948258944,367.8282996737893,4508.353109621747,South
2011-03-31,Lignite,857.1106903205555,737.3304671151533,1970.1893199590804,East
2014-03-31,Domestic Coal,700.3540750042388,495.779101295685,3353.882339087765,East
2017-06-30,Natural Gas,228.40953748240415,86.9476617605327,8412.799383861737,East
2019-08-31,Imported Coal,1199.464634210255,68.92493182744687,4551.304359667725,South
2015-06-30,Domestic Coal,1264.245191355124,550.8870142731143,2610.4182274927875,East
2007-11-30,Lignite,253.5788896202172,750.9401812531355,1778.8098779577506,West
2000-11-30,Natural Gas,479.2326749872943,97.1259230845683,4332.823639571115,West
2005-08-31,Domestic Coal,1077.9816089425146,137.05271128743354,3126.406785399501,West
2017-06-30,Domestic Coal,1264.577454232136,316.7361163778172,4991.547061708851,West
2016-04-30,Natural Gas,491.3414994626215,38.904593737235814,5100.556629523766,North
2008-02-29,Domestic Coal,720.6246411433942,286.26663687977543,2206.141033171883,West
2007-09-30,Imported Coal,1054.3612991401596,166.05962993480622,5890.951008955219,East
2001-10-31,Domestic Coal,1088.0753816659294,454.38282761457714,2025.0910456305712,South
2014-04-30,Imported Coal,826.501099370804,215.42107209996414,4935.957472718988,East
2011-02-28,Imported Coal,507.9702135025189,251.12366060795557,6091.23829316135,West
2002-01-31,Natural Gas,483.8934140954938,15.981699319864491,7832.575247662923,North
2015-05-31,Domestic Coal,1000.4563052776367,490.9799885789796,4255.240977187521,West
2007-01-31,Natural Gas,662.101450370486,56.62072597641623,4701.622590967575,South
2004-07-31,Domestic Coal,1105.3889680556263,410.2368925259853,4226.759561597261,East
2020-11-30,Domestic Coal,503.8572072608824,197.4875999501446,4671.228551657985,South
2011-12-31,Lignite,799.9822387616566,763.2913954801292,2517.4306423278413,South
2013-11-30,Domestic Coal,1016.5863671883623,427.0663685139368,4667.38377182003,South
2018-08-31,Natural Gas,505.16472815835834,66.91521918955488,4782.383580018003,East
2018-04-30,Imported Coal,1210.881830174154,229.09927798952475,4083.7707932654616,West
2014-11-30,Domestic Coal,542.7050166294418,256.9134041122078,2724.5018839785002,South
2009-11-30,Lignite,371.9301096291167,569.9403371472348,2815.6770277670685,East
2022-01-31,Natural Gas,454.9417527171028,26.912834273379072,4384.858346904371,North
2012-06-30,Domestic Coal,1135.3873741655102,291.3993822181939,4465.492839756078,East
2017-11-30,Natural Gas,561.6575380485392,81.66173054872317,5359.7301970922435,North
2016-05-31,Lignite,753.8871379688464,505.6247938774875,2878.1369589005835,East
2003-06-30,Lignite,709.0994252266995,529.8047200701368,1539.0237245845453,West
2004-05-31,Natural Gas,233.64860955015047,72.5176863004355,5093.578064989637,South
2020-11-30,Domestic Coal,1014.3639191129869,232.31751346267868,3985.9068343816057,West
2022-07-31,Imported Coal,1722.4095928108088,244.50631078616328,6043.405323723127,East
2010-03-31,Lignite,350.17792455380163,435.35397879380747,2397.897656974771,South
2022-02-28,Domestic Coal,742.0166565532215,316.1731132016737,2093.447278380173,North
2002-05-31,Domestic Coal,611.491739130059,116.83820193723201,4637.557317803743,East
2002-11-30,Imported Coal,865.0950248277957,189.334292393252,3155.9172826445215,South
2000-06-30,Lignite,733.4779130445264,529.2109383016375,2795.8383739153314,North
2009-03-31,Lignite,910.4945511472287,530.1162473446991,2801.9217913809357,North
2006-05-31,Domestic Coal,1495.3892081985346,512.707832061974,4534.614043265687,West
2012-03-31,Domestic Coal,598.8104833309079,388.35119942887815,2201.7677419021034,East
2005-07-31,Imported Coal,642.3769052325046,299.72315300832264,4306.556997703644,North
2000-08-31,Imported Coal,1622.2758680732695,251.66626325670413,6432.093084028917,South
2010-02-28,Lignite,998.1026379217252,496.59859410274714,1080.7016537193995,North
2014-07-31,Natural Gas,387.8340625962102,21.707260284605226,4112.129445810276,North
2014-11-30,Lignite,488.3414617131889,713.4953004300946,2132.3613824501417,West
2007-01-31,Domestic Coal,675.3335870524248,427.1710027463599,2696.0545409264323,West
2003-09-30,Lignite,211.50515685766803,705.741354574571,2247.4861697280185,South
2011-04-30,Natural Gas,633.6118371506719,13.504421501889905,8185.598139153261,West
2001-04-30,Imported Coal,1429.289300054455,190.84883767816004,5498.456192458127,North
2016-03-31,Natural Gas,705.1032728078549,62.824285590301635,6904.7518994408965,North
2000-09-30,Natural Gas,793.475409946036,78.10571503617112,6211.469027255676,West
2001-03-31,Natural Gas,595.1779000230495,45.03074245226097,5144.377312417495,North
2008-06-30,Imported Coal,1395.277815331639,282.0455245284879,6716.558080061851,North
2018-10-31,Natural Gas,339.3336946738432,57.490971959952546,5058.1794928493055,South
2023-02-28,Natural Gas,796.9417766492185,98.30061170811422,7247.544648537237,West
2009-05-31,Natural Gas,663.0898417742313,74.359014515533,6965.791095197341,North
2000-01-31,Domestic Coal,364.01759638667727,327.3821712763305,4024.3589065022315,West
2022-02-28,Natural Gas,574.2721297185792,43.58103565801452,8708.459933290153,South
2017-04-30,Imported Coal,751.0355483551715,175.08986155389016,5763.535906203291,West
2009-02-28,Natural Gas,587.9950641242665,68.3775061091934,5376.4410672593,North
2016-08-31,Natural Gas,209.34459808063536,67.23462941440397,6996.510580697189,West
2000-12-31,Imported Coal,769.0340154338614,226.28478639264083,4820.687966934625,North
2015-08-31,Natural Gas,567.4324141222071,85.36303717931357,4848.642142884616,North
2012-10-31,Imported Coal,528.7173019952551,244.7756465989467,5438.789700610463,North
2023-03-31,Natural Gas,589.7476987354852,85.43394774897783,8014.054674122503,South
2014-03-31,Imported Coal,1941.380220393237,183.98376971302955,4953.9825306396215,West
2011-02-28,Natural Gas,381.3210399235111,23.83219385597841,6863.036164410112,South
2002-01-31,Natural Gas,293.90876702818514,92.91767609916779,6915.954021385488,West
2001-06-30,Domestic Coal,1011.4082166097322,277.462330438505,2155.9680559331223,South
2015-10-31,Domestic Coal,338.0925184475864,311.66757207659873,2253.6961342917134,East
2011-09-30,Natural Gas,524.7928688780974,89.28757050756917,8414.574082593612,North
2003-07-31,Natural Gas,561.3317870925626,29.01086483256379,8314.98415679436,North
2023-08-31,Lignite,908.8747482505665,478.66143398118345,2474.8521715413544,South
